6,Código DIVIPOLA,NOMBRE DEPARTAMENTO,NOMBRE MUNICIPIO,Población en hogares particulares,Población en LEA,Población total
7,00,Total Nacional,,43835324,329093,44164417
8,05,Antioquia,,5931492,43296,5974788
9,08,Atlántico,,2336434,5831,2342265
10,11,"Bogotá, D.C.",,7149540,31929,7181469
11,13,Bolívar,,1903456,6004,1909460
12,15,Boyacá,,1124490,11208,1135698
13,17,Caldas,,914784,8688,923472
14,18,Caquetá,,348342,11260,359602
15,19,Cauca,,1235534,7969,1243503
16,20,Cesar,,1093583,4994,1098577
17,23,Córdoba,,1552073,3523,1555596
18,25,Cundinamarca,,2768797,24080,2792877
19,27,Chocó,,454359,3053,457412
20,41,Huila,,1001854,7694,1009548
21,44,La Guajira,,818380,6984,825364
22,47,Magdalena,,1260542,3246,1263788
23,50,Meta,,901220,17909,919129
24,52,Nariño,,1326587,8934,1335521
25,54,Norte de Santander,,1337743,9063,1346806
26,63,Quindio,,505611,4029,509640
27,66,Risaralda,,834760,4837,839597
28,68,Santander,,1992029,16812,2008841
29,70,Sucre,,860125,3911,864036
30,73,Tolima,,1217500,11263,1228763
31,76,Valle del Cauca,,3762229,27645,3789874
32,81,Arauca,,236746,2757,239503
33,85,Casanare,,374628,5264,379892
34,86,Putumayo,,277477,5720,283197
35,88,Archipiélago de San Andrés,,47834,465,48299
36,91,Amazonas,,62198,3858,66056
37,94,Guainía,,37582,6849,44431
38,95,Guaviare,,67027,6054,73081
39,97,Vaupés,,28963,8727,37690
40,99,Vichada,,71405,5237,76642
41,05001,Antioquia,Medellín,2359801,12529,2372330
42,05002,Antioquia,Abejorral,17573,26,17599
43,05004,Antioquia,Abriaquí,2141,18,2159
44,05021,Antioquia,Alejandría,3826,13,3839
45,05030,Antioquia,Amagá,26687,134,26821
46,05031,Antioquia,Amalfi,20141,124,20265
47,05034,Antioquia,Andes,37027,1117,38144
48,05036,Antioquia,Angelópolis,5013,14,5027
49,05038,Antioquia,Angostura,10500,0,10500
50,05040,Antioquia,Anorí,14477,25,14502
51,05042,Antioquia,Santafé de Antioquia,22966,250,23216
52,05044,Antioquia,Anza,6386,2,6388
53,05045,Antioquia,Apartadó,112396,1073,113469
54,05051,Antioquia,Arboletes,26279,10,26289
55,05055,Antioquia,Argelia,6733,19,6752
56,05059,Antioquia,Armenia,3817,2,3819
57,05079,Antioquia,Barbosa,44621,136,44757
58,05086,Antioquia,Belmira,5349,0,5349
59,05088,Antioquia,Bello,477660,4241,481901
60,05091,Antioquia,Betania,8589,0,8589
61,05093,Antioquia,Betulia,15069,28,15097
62,05101,Antioquia,Ciudad Bolívar,23086,275,23361
63,05107,Antioquia,Briceño,5946,0,5946
64,05113,Antioquia,Buriticá,7368,41,7409
65,05120,Antioquia,Cáceres,26120,340,26460
66,05125,Antioquia,Caicedo,7015,3,7018
67,05129,Antioquia,Caldas,75971,289,76260
68,05134,Antioquia,Campamento,7402,30,7432
69,05138,Antioquia,Cañasgordas,13562,33,13595
70,05142,Antioquia,Caracolí,3955,12,3967
71,05145,Antioquia,Caramanta,4269,0,4269
72,05147,Antioquia,Carepa,45300,636,45936
73,05148,Antioquia,El Carmen de Viboral,53606,343,53949
74,05150,Antioquia,Carolina,3320,23,3343
75,05154,Antioquia,Caucasia,84459,258,84717
76,05172,Antioquia,Chigorodó,55558,6,55564
77,05190,Antioquia,Cisneros,8891,19,8910
78,05197,Antioquia,Cocorná,14703,40,14743
79,05206,Antioquia,Concepción,3901,35,3936
80,05209,Antioquia,Concordia,16063,32,16095
81,05212,Antioquia,Copacabana,76078,401,76479
82,05234,Antioquia,Dabeiba,22678,39,22717
83,05237,Antioquia,Don Matías,14163,45,14208
84,05240,Antioquia,Ebéjico,10323,15,10338
85,05250,Antioquia,El Bagre,47549,93,47642
86,05264,Antioquia,Entrerrios,8779,41,8820
87,05266,Antioquia,Envigado,211558,879,212437
88,05282,Antioquia,Fredonia,18744,46,18790
89,05284,Antioquia,Frontino,20111,45,20156
90,05306,Antioquia,Giraldo,5057,0,5057
91,05308,Antioquia,Girardota,48310,735,49045
92,05310,Antioquia,Gómez Plata,8212,23,8235
93,05313,Antioquia,Granada,9203,1,9204
94,05315,Antioquia,Guadalupe,5452,0,5452
95,05318,Antioquia,Guarne,42034,466,42500
96,05321,Antioquia,Guatapé,6998,40,7038
97,05347,Antioquia,Heliconia,4709,0,4709
98,05353,Antioquia,Hispania,4950,0,4950
99,05360,Antioquia,Itagui,261576,1756,263332
100,05361,Antioquia,Ituango,18443,5341,23784
101,05364,Antioquia,Jardín,13453,88,13541
102,05368,Antioquia,Jericó,11046,211,11257
103,05376,Antioquia,La Ceja,58787,599,59386
104,05380,Antioquia,La Estrella,67002,879,67881
105,05390,Antioquia,La Pintada,7974,0,7974
106,05400,Antioquia,La Unión,20738,31,20769
107,05411,Antioquia,Liborina,7902,26,7928
108,05425,Antioquia,Maceo,7292,5,7297
109,05440,Antioquia,Marinilla,55225,5,55230
110,05467,Antioquia,Montebello,5881,0,5881
111,05475,Antioquia,Murindó,4642,0,4642
112,05480,Antioquia,Mutatá,12602,5,12607
113,05483,Antioquia,Nariño,8599,4,8603
114,05490,Antioquia,Necoclí,38420,0,38420
115,05495,Antioquia,Nechí,24030,36,24066
116,05501,Antioquia,Olaya,2719,0,2719
117,05541,Antioquia,Peñol,17996,14,18010
118,05543,Antioquia,Peque,7141,14,7155
119,05576,Antioquia,Pueblorrico,7202,0,7202
120,05579,Antioquia,Puerto Berrío,35791,1010,36801
121,05585,Antioquia,Puerto Nare,12127,34,12161
122,05591,Antioquia,Puerto Triunfo,15490,1741,17231
123,05604,Antioquia,Remedios,22519,11,22530
124,05607,Antioquia,Retiro,20568,132,20700
125,05615,Antioquia,Rionegro,114851,1549,116400
126,05628,Antioquia,Sabanalarga,7813,20,7833
127,05631,Antioquia,Sabaneta,81630,167,81797
128,05642,Antioquia,Salgar,15729,53,15782
129,05647,Antioquia,San Andrés de Cuerquía,6295,0,6295
130,05649,Antioquia,San Carlos,14373,107,14480
131,05652,Antioquia,San Francisco,5223,142,5365
132,05656,Antioquia,San Jerónimo,13133,25,13158
133,05658,Antioquia,San José de La Montaña,2952,0,2952
134,05659,Antioquia,San Juan de Urabá,19992,0,19992
135,05660,Antioquia,San Luis,11099,21,11120
136,05664,Antioquia,San Pedro,17020,99,17119
137,05665,Antioquia,San Pedro de Uraba,30064,463,30527
138,05667,Antioquia,San Rafael,12557,21,12578
139,05670,Antioquia,San Roque,17750,42,17792
140,05674,Antioquia,San Vicente,17987,64,18051
141,05679,Antioquia,Santa Bárbara,21836,194,22030
142,05686,Antioquia,Santa Rosa de Osos,30350,717,31067
143,05690,Antioquia,Santo Domingo,9520,266,9786
144,05697,Antioquia,El Santuario,30255,56,30311
145,05736,Antioquia,Segovia,33310,380,33690
146,05756,Antioquia,Sonson,31598,263,31861
147,05761,Antioquia,Sopetrán,13709,39,13748
148,05789,Antioquia,Támesis,14814,198,15012
149,05790,Antioquia,Tarazá,22729,97,22826
150,05792,Antioquia,Tarso,5646,17,5663
151,05809,Antioquia,Titiribí,8179,137,8316
152,05819,Antioquia,Toledo,4922,8,4930
153,05837,Antioquia,Turbo,114212,222,114434
154,05842,Antioquia,Uramita,6523,0,6523
155,05847,Antioquia,Urrao,28860,144,29004
156,05854,Antioquia,Valdivia,11511,0,11511
157,05856,Antioquia,Valparaíso,5414,17,5431
158,05858,Antioquia,Vegachí,11134,0,11134
159,05861,Antioquia,Venecia,10221,59,10280
160,05873,Antioquia,Vigía del Fuerte,8126,13,8139
161,05885,Antioquia,Yalí,6234,0,6234
162,05887,Antioquia,Yarumal,35842,495,36337
163,05890,Antioquia,Yolombó,18915,95,19010
164,05893,Antioquia,Yondó,17493,104,17597
165,05895,Antioquia,Zaragoza,24052,15,24067
166,08001,Atlántico,Barranquilla,1115490,4613,1120103
167,08078,Atlántico,Baranoa,61446,81,61527
168,08137,Atlántico,Campo de La Cruz,22810,0,22810
169,08141,Atlántico,Candelaria,15631,0,15631
170,08296,Atlántico,Galapa,55014,109,55123
171,08372,Atlántico,Juan de Acosta,18828,0,18828
172,08421,Atlántico,Luruaco,27647,0,27647
173,08433,Atlántico,Malambo,119704,216,119920
174,08436,Atlántico,Manatí,19233,0,19233
175,08520,Atlántico,Palmar de Varela,27087,11,27098
176,08549,Atlántico,Piojó,5636,0,5636
177,08558,Atlántico,Polonuevo,16221,1,16222
178,08560,Atlántico,Ponedera,23412,8,23420
179,08573,Atlántico,Puerto Colombia,47742,157,47899
180,08606,Atlántico,Repelón,25467,0,25467
181,08634,Atlántico,Sabanagrande,31991,35,32026
182,08638,Atlántico,Sabanalarga,92283,197,92480
183,08675,Atlántico,Santa Lucía,12650,0,12650
184,08685,Atlántico,Santo Tomás,28635,58,28693
185,08758,Atlántico,Soledad,535639,345,535984
186,08770,Atlántico,Suan,11607,0,11607
187,08832,Atlántico,Tubará,12718,0,12718
188,08849,Atlántico,Usiacurí,9543,0,9543
189,11001,"Bogotá, D.C.","Bogotá, D.C.",7149540,31929,7181469
190,13001,Bolívar,Cartagena,884084,3862,887946
191,13006,Bolívar,Achí,18864,15,18879
192,13030,Bolívar,Altos del Rosario,9009,0,9009
193,13042,Bolívar,Arenal,7169,0,7169
194,13052,Bolívar,Arjona,67100,18,67118
195,13062,Bolívar,Arroyohondo,8058,0,8058
196,13074,Bolívar,Barranco de Loba,14435,0,14435
197,13140,Bolívar,Calamar,22202,0,22202
198,13160,Bolívar,Cantagallo,6874,0,6874
199,13188,Bolívar,Cicuco,13120,0,13120
200,13212,Bolívar,Córdoba,14992,20,15012
201,13222,Bolívar,Clemencia,13821,0,13821
202,13244,Bolívar,El Carmen de Bolívar,67376,85,67461
203,13248,Bolívar,El Guamo,7861,0,7861
204,13268,Bolívar,El Peñón,7234,0,7234
205,13300,Bolívar,Hatillo de Loba,11770,0,11770
206,13430,Bolívar,Magangué,127471,532,128003
207,13433,Bolívar,Mahates,25772,303,26075
208,13440,Bolívar,Margarita,9720,0,9720
209,13442,Bolívar,María La Baja,45321,3,45324
210,13458,Bolívar,Montecristo,13470,0,13470
211,13468,Bolívar,Mompós,43209,8,43217
212,13473,Bolívar,Morales,18678,0,18678
213,13490,Bolívar,Norosí,7888,11,7899
214,13549,Bolívar,Pinillos,23349,0,23349
215,13580,Bolívar,Regidor,5335,0,5335
216,13600,Bolívar,Río Viejo,8125,0,8125
217,13620,Bolívar,San Cristóbal,7454,0,7454
218,13647,Bolívar,San Estanislao,16518,0,16518
219,13650,Bolívar,San Fernando,9776,0,9776
220,13654,Bolívar,San Jacinto,23551,25,23576
221,13655,Bolívar,San Jacinto del Cauca,8079,0,8079
222,13657,Bolívar,San Juan Nepomuceno,35412,26,35438
223,13667,Bolívar,San Martín de Loba,14501,3,14504
224,13670,Bolívar,San Pablo,24520,149,24669
225,13673,Bolívar,Santa Catalina,14039,0,14039
226,13683,Bolívar,Santa Rosa,18375,0,18375
227,13688,Bolívar,Santa Rosa del Sur,27284,541,27825
228,13744,Bolívar,Simití,15264,89,15353
229,13760,Bolívar,Soplaviento,9187,0,9187
230,13780,Bolívar,Talaigua Nuevo,12845,0,12845
231,13810,Bolívar,Tiquisio,17918,21,17939
232,13836,Bolívar,Turbaco,98380,287,98667
233,13838,Bolívar,Turbaná,15544,6,15550
234,13873,Bolívar,Villanueva,21135,0,21135
235,13894,Bolívar,Zambrano,11367,0,11367
236,15001,Boyacá,Tunja,166850,1141,167991
237,15022,Boyacá,Almeida,1582,0,1582
238,15047,Boyacá,Aquitania,13860,0,13860
239,15051,Boyacá,Arcabuco,5447,18,5465
240,15087,Boyacá,Belén,7322,0,7322
241,15090,Boyacá,Berbeo,1442,11,1453
242,15092,Boyacá,Betéitiva,1895,0,1895
243,15097,Boyacá,Boavita,4932,92,5024
244,15104,Boyacá,Boyacá,4472,0,4472
245,15106,Boyacá,Briceño,2043,11,2054
246,15109,Boyacá,Buenavista,4240,0,4240
247,15114,Boyacá,Busbanzá,896,7,903
248,15131,Boyacá,Caldas,3085,1,3086
249,15135,Boyacá,Campohermoso,2705,0,2705
250,15162,Boyacá,Cerinza,3636,0,3636
251,15172,Boyacá,Chinavita,2822,20,2842
252,15176,Boyacá,Chiquinquirá,51414,907,52321
253,15180,Boyacá,Chiscas,3587,0,3587
254,15183,Boyacá,Chita,7735,43,7778
255,15185,Boyacá,Chitaraque,5013,0,5013
256,15187,Boyacá,Chivatá,2783,0,2783
257,15189,Boyacá,Ciénega,4492,0,4492
258,15204,Boyacá,Cómbita,9341,3295,12636
259,15212,Boyacá,Coper,3019,0,3019
260,15215,Boyacá,Corrales,2479,0,2479
261,15218,Boyacá,Covarachía,2594,34,2628
262,15223,Boyacá,Cubará,9942,222,10164
263,15224,Boyacá,Cucaita,3375,0,3375
264,15226,Boyacá,Cuítiva,1628,0,1628
265,15232,Boyacá,Chíquiza,4347,0,4347
266,15236,Boyacá,Chivor,1669,0,1669
267,15238,Boyacá,Duitama,116737,869,117606
268,15244,Boyacá,El Cocuy,3952,47,3999
269,15248,Boyacá,El Espino,2597,118,2715
270,15272,Boyacá,Firavitoba,6523,0,6523
271,15276,Boyacá,Floresta,3184,2,3186
272,15293,Boyacá,Gachantivá,2744,0,2744
273,15296,Boyacá,Gameza,4395,0,4395
274,15299,Boyacá,Garagoa,13977,168,14145
275,15317,Boyacá,Guacamayas,1764,26,1790
276,15322,Boyacá,Guateque,8025,98,8123
277,15325,Boyacá,Guayatá,3089,23,3112
278,15332,Boyacá,Güicán,3920,1,3921
279,15362,Boyacá,Iza,1944,0,1944
280,15367,Boyacá,Jenesano,6308,25,6333
281,15368,Boyacá,Jericó,3540,0,3540
282,15377,Boyacá,Labranzagrande,3075,0,3075
283,15380,Boyacá,La Capilla,2284,16,2300
284,15401,Boyacá,La Victoria,956,0,956
285,15403,Boyacá,La Uvita,2774,98,2872
286,15407,Boyacá,Villa de Leyva,14267,139,14406
287,15425,Boyacá,Macanal,3516,52,3568
288,15442,Boyacá,Maripí,5354,0,5354
289,15455,Boyacá,Miraflores,8199,75,8274
290,15464,Boyacá,Mongua,4300,0,4300
291,15466,Boyacá,Monguí,3895,0,3895
292,15469,Boyacá,Moniquirá,20667,181,20848
293,15476,Boyacá,Motavita,5226,27,5253
294,15480,Boyacá,Muzo,7961,362,8323
295,15491,Boyacá,Nobsa,14651,0,14651
296,15494,Boyacá,Nuevo Colón,5008,17,5025
297,15500,Boyacá,Oicatá,2797,0,2797
298,15507,Boyacá,Otanche,6989,8,6997
299,15511,Boyacá,Pachavita,2261,14,2275
300,15514,Boyacá,Páez,2925,5,2930
301,15516,Boyacá,Paipa,31097,44,31141
302,15518,Boyacá,Pajarito,1930,11,1941
303,15522,Boyacá,Panqueba,1619,25,1644
304,15531,Boyacá,Pauna,6355,0,6355
305,15533,Boyacá,Paya,2061,0,2061
306,15537,Boyacá,Paz de Río,4040,7,4047
307,15542,Boyacá,Pesca,6604,0,6604
308,15550,Boyacá,Pisba,1582,0,1582
309,15572,Boyacá,Puerto Boyacá,44076,708,44784
310,15580,Boyacá,Quípama,4194,0,4194
311,15599,Boyacá,Ramiriquí,8690,199,8889
312,15600,Boyacá,Ráquira,7302,10,7312
313,15621,Boyacá,Rondón,2212,18,2230
314,15632,Boyacá,Saboyá,11161,0,11161
315,15638,Boyacá,Sáchica,4823,0,4823
316,15646,Boyacá,Samacá,17485,57,17542
317,15660,Boyacá,San Eduardo,1558,14,1572
318,15664,Boyacá,San José de Pare,4658,0,4658
319,15667,Boyacá,San Luis de Gaceno,4534,17,4551
320,15673,Boyacá,San Mateo,3307,0,3307
321,15676,Boyacá,San Miguel de Sema,2901,0,2901
322,15681,Boyacá,San Pablo de Borbur,5827,12,5839
323,15686,Boyacá,Santana,6811,15,6826
324,15690,Boyacá,Santa María,3093,16,3109
325,15693,Boyacá,Santa Rosa de Viterbo,10849,480,11329
326,15696,Boyacá,Santa Sofía,2924,35,2959
327,15720,Boyacá,Sativanorte,1947,79,2026
328,15723,Boyacá,Sativasur,1044,4,1048
329,15740,Boyacá,Siachoque,6649,0,6649
330,15753,Boyacá,Soatá,8456,82,8538
331,15755,Boyacá,Socotá,7122,11,7133
332,15757,Boyacá,Socha,7497,12,7509
333,15759,Boyacá,Sogamoso,119503,959,120462
334,15761,Boyacá,Somondoco,2364,13,2377
335,15762,Boyacá,Sora,2586,0,2586
336,15763,Boyacá,Sotaquirá,7953,0,7953
337,15764,Boyacá,Soracá,5858,46,5904
338,15774,Boyacá,Susacón,2555,0,2555
339,15776,Boyacá,Sutamarchán,5755,0,5755
340,15778,Boyacá,Sutatenza,3481,20,3501
341,15790,Boyacá,Tasco,5140,10,5150
342,15798,Boyacá,Tenza,3426,35,3461
343,15804,Boyacá,Tibaná,7945,21,7966
344,15806,Boyacá,Tibasosa,11019,4,11023
345,15808,Boyacá,Tinjacá,2869,0,2869
346,15810,Boyacá,Tipacoque,3154,0,3154
347,15814,Boyacá,Toca,8707,0,8707
348,15816,Boyacá,Togüí,4224,0,4224
349,15820,Boyacá,Tópaga,3531,0,3531
350,15822,Boyacá,Tota,4530,0,4530
351,15832,Boyacá,Tununguá,1526,0,1526
352,15835,Boyacá,Turmequé,5835,21,5856
353,15837,Boyacá,Tuta,8143,11,8154
354,15839,Boyacá,Tutazá,1794,0,1794
355,15842,Boyacá,Umbita,6905,0,6905
356,15861,Boyacá,Ventaquemada,13974,10,13984
357,15879,Boyacá,Viracachá,2582,0,2582
358,15897,Boyacá,Zetaquira,4272,29,4301
359,17001,Caldas,Manizales,395818,4618,400436
360,17013,Caldas,Aguadas,20525,187,20712
361,17042,Caldas,Anserma,31438,373,31811
362,17050,Caldas,Aranzazu,9854,0,9854
363,17088,Caldas,Belalcázar,9661,29,9690
364,17174,Caldas,Chinchiná,48298,186,48484
365,17272,Caldas,Filadelfia,9613,17,9630
366,17380,Caldas,La Dorada,69086,1716,70802
367,17388,Caldas,La Merced,5324,1,5325
368,17433,Caldas,Manzanares,16502,30,16532
369,17442,Caldas,Marmato,8485,0,8485
370,17444,Caldas,Marquetalia,12079,67,12146
371,17446,Caldas,Marulanda,2081,0,2081
372,17486,Caldas,Neira,20355,140,20495
373,17495,Caldas,Norcasia,5946,3,5949
374,17513,Caldas,Pácora,13074,140,13214
375,17524,Caldas,Palestina,13490,70,13560
376,17541,Caldas,Pensilvania,17107,235,17342
377,17614,Caldas,Riosucio,48012,317,48329
378,17616,Caldas,Risaralda,9840,0,9840
379,17653,Caldas,Salamina,16441,318,16759
380,17662,Caldas,Samaná,17424,42,17466
381,17665,Caldas,San José,4516,8,4524
382,17777,Caldas,Supía,26571,0,26571
383,17867,Caldas,Victoria,8148,24,8172
384,17873,Caldas,Villamaría,62671,160,62831
385,17877,Caldas,Viterbo,12425,7,12432
386,18001,Caquetá,Florencia,152474,4315,156789
387,18029,Caquetá,Albania,4363,151,4514
388,18094,Caquetá,Belén de Los Andaquies,8729,346,9075
389,18150,Caquetá,Cartagena del Chairá,27267,672,27939
390,18205,Caquetá,Curillo,7379,139,7518
391,18247,Caquetá,El Doncello,17572,203,17775
392,18256,Caquetá,El Paujil,12822,192,13014
393,18410,Caquetá,La Montañita,11524,604,12128
394,18460,Caquetá,Milán,6980,527,7507
395,18479,Caquetá,Morelia,3350,0,3350
396,18592,Caquetá,Puerto Rico,23616,779,24395
397,18610,Caquetá,San José del Fragua,10965,399,11364
398,18753,Caquetá,San Vicente del Caguán,40794,1596,42390
399,18756,Caquetá,Solano,9587,744,10331
400,18785,Caquetá,Solita,5242,189,5431
401,18860,Caquetá,Valparaíso,5678,404,6082
402,19001,Cauca,Popayán,272901,4369,277270
403,19022,Cauca,Almaguer,16523,0,16523
404,19050,Cauca,Argelia,19925,211,20136
405,19075,Cauca,Balboa,18904,6,18910
406,19100,Cauca,Bolívar,35625,212,35837
407,19110,Cauca,Buenos Aires,25236,21,25257
408,19130,Cauca,Cajibío,32235,2,32237
409,19137,Cauca,Caldono,35886,253,36139
410,19142,Cauca,Caloto,25264,152,25416
411,19212,Cauca,Corinto,21633,342,21975
412,19256,Cauca,El Tambo,38509,179,38688
413,19290,Cauca,Florencia,5089,0,5089
414,19300,Cauca,Guachené,18513,0,18513
415,19318,Cauca,Guapi,23775,262,24037
416,19355,Cauca,Inzá,26490,81,26571
417,19364,Cauca,Jambaló,16353,0,16353
418,19392,Cauca,La Sierra,9935,0,9935
419,19397,Cauca,La Vega,19777,0,19777
420,19418,Cauca,López,15117,37,15154
421,19450,Cauca,Mercaderes,14806,18,14824
422,19455,Cauca,Miranda,28540,122,28662
423,19473,Cauca,Morales,29737,0,29737
424,19513,Cauca,Padilla,8763,0,8763
425,19517,Cauca,Paez,37599,67,37666
426,19532,Cauca,Patía,28361,225,28586
427,19533,Cauca,Piamonte,7124,1,7125
428,19548,Cauca,Piendamó,33346,85,33431
429,19573,Cauca,Puerto Tejada,40020,224,40244
430,19585,Cauca,Puracé,14925,27,14952
431,19622,Cauca,Rosas,9336,0,9336
432,19693,Cauca,San Sebastián,9769,37,9806
433,19698,Cauca,Santander de Quilichao,95348,684,96032
434,19701,Cauca,Santa Rosa,4975,70,5045
435,19743,Cauca,Silvia,33380,128,33508
436,19760,Cauca,Sotara,11921,37,11958
437,19780,Cauca,Suárez,19624,66,19690
438,19785,Cauca,Sucre,6201,0,6201
439,19807,Cauca,Timbío,32170,47,32217
440,19809,Cauca,Timbiquí,21614,4,21618
441,19821,Cauca,Toribio,30654,0,30654
442,19824,Cauca,Totoró,20870,0,20870
443,19845,Cauca,Villa Rica,18761,0,18761
444,20001,Cesar,Valledupar,455636,3713,459349
445,20011,Cesar,Aguachica,95548,330,95878
446,20013,Cesar,Agustín Codazzi,58475,146,58621
447,20032,Cesar,Astrea,18434,0,18434
448,20045,Cesar,Becerril,20474,3,20477
449,20060,Cesar,Bosconia,37499,32,37531
450,20175,Cesar,Chimichagua,30272,17,30289
451,20178,Cesar,Chiriguaná,26976,30,27006
452,20228,Cesar,Curumaní,34833,5,34838
453,20238,Cesar,El Copey,28550,0,28550
454,20250,Cesar,El Paso,34620,0,34620
455,20295,Cesar,Gamarra,12444,0,12444
456,20310,Cesar,González,4034,19,4053
457,20383,Cesar,La Gloria,14779,210,14989
458,20400,Cesar,La Jagua de Ibirico,37106,250,37356
459,20443,Cesar,Manaure,9302,11,9313
460,20517,Cesar,Pailitas,16800,0,16800
461,20550,Cesar,Pelaya,18487,10,18497
462,20570,Cesar,Pueblo Bello,22763,166,22929
463,20614,Cesar,Río de Oro,14408,0,14408
464,20621,Cesar,La Paz,26105,4,26109
465,20710,Cesar,San Alberto,22993,47,23040
466,20750,Cesar,San Diego,18530,1,18531
467,20770,Cesar,San Martín,20452,0,20452
468,20787,Cesar,Tamalameque,14063,0,14063
469,23001,Córdoba,Montería,431279,2444,433723
470,23068,Córdoba,Ayapel,38816,0,38816
471,23079,Córdoba,Buenavista,18344,0,18344
472,23090,Córdoba,Canalete,14831,0,14831
473,23162,Córdoba,Cereté,96165,87,96252
474,23168,Córdoba,Chimá,13492,0,13492
475,23182,Córdoba,Chinú,42676,4,42680
476,23189,Córdoba,Ciénaga de Oro,56278,0,56278
477,23300,Córdoba,Cotorra,16215,0,16215
478,23350,Córdoba,La Apartada,13733,9,13742
479,23417,Córdoba,Lorica,98436,55,98491
480,23419,Córdoba,Los Córdobas,15886,0,15886
481,23464,Córdoba,Momil,16264,0,16264
482,23466,Córdoba,Montelíbano,71772,52,71824
483,23500,Córdoba,Moñitos,25095,0,25095
484,23555,Córdoba,Planeta Rica,60245,14,60259
485,23570,Córdoba,Pueblo Nuevo,26968,0,26968
486,23574,Córdoba,Puerto Escondido,19474,0,19474
487,23580,Córdoba,Puerto Libertador,35303,59,35362
488,23586,Córdoba,Purísima,14702,3,14705
489,23660,Córdoba,Sahagún,94010,10,94020
490,23670,Córdoba,San Andrés Sotavento,42041,5,42046
491,23672,Córdoba,San Antero,29028,0,29028
492,23675,Córdoba,San Bernardo del Viento,29437,0,29437
493,23678,Córdoba,San Carlos,23532,0,23532
494,23682,Córdoba,San José de Uré(1),11059,0,11059
495,23686,Córdoba,San Pelayo,40614,3,40617
496,23807,Córdoba,Tierralta,85813,765,86578
497,23815,Córdoba,Tuchín,40033,0,40033
498,23855,Córdoba,Valencia,30532,13,30545
499,25001,Cundinamarca,Agua de Dios,10421,321,10742
500,25019,Cundinamarca,Albán,5920,216,6136
501,25035,Cundinamarca,Anapoima,12130,111,12241
502,25040,Cundinamarca,Anolaima,12120,84,12204
503,25053,Cundinamarca,Arbeláez,9613,392,10005
504,25086,Cundinamarca,Beltrán,1719,1,1720
505,25095,Cundinamarca,Bituima,2223,1,2224
506,25099,Cundinamarca,Bojacá,9653,21,9674
507,25120,Cundinamarca,Cabrera,4270,242,4512
508,25123,Cundinamarca,Cachipay,9267,7,9274
509,25126,Cundinamarca,Cajicá,80534,577,81111
510,25148,Cundinamarca,Caparrapí,10266,35,10301
511,25151,Cundinamarca,Caqueza,15435,159,15594
512,25154,Cundinamarca,Carmen de Carupa,7325,20,7345
513,25168,Cundinamarca,Chaguaní,3323,0,3323
514,25175,Cundinamarca,Chía,128753,860,129613
515,25178,Cundinamarca,Chipaque,8624,9,8633
516,25181,Cundinamarca,Choachí,10366,31,10397
517,25183,Cundinamarca,Chocontá,19611,214,19825
518,25200,Cundinamarca,Cogua,20801,301,21102
519,25214,Cundinamarca,Cota,31364,504,31868
520,25224,Cundinamarca,Cucunubá,7002,11,7013
521,25245,Cundinamarca,El Colegio,22529,246,22775
522,25258,Cundinamarca,El Peñón,3458,0,3458
523,25260,Cundinamarca,El Rosal,21873,14,21887
524,25269,Cundinamarca,Facatativá,134881,1160,136041
525,25279,Cundinamarca,Fomeque,10749,0,10749
526,25281,Cundinamarca,Fosca,5561,17,5578
527,25286,Cundinamarca,Funza,90670,184,90854
528,25288,Cundinamarca,Fúquene,4848,1,4849
529,25290,Cundinamarca,Fusagasugá,131661,2997,134658
530,25293,Cundinamarca,Gachala,4343,35,4378
531,25295,Cundinamarca,Gachancipá,16601,32,16633
532,25297,Cundinamarca,Gachetá,8065,138,8203
533,25299,Cundinamarca,Gama,3032,23,3055
534,25307,Cundinamarca,Girardot,91545,1358,92903
535,25312,Cundinamarca,Granada,6899,23,6922
536,25317,Cundinamarca,Guachetá,12403,2,12405
537,25320,Cundinamarca,Guaduas,24514,3057,27571
538,25322,Cundinamarca,Guasca,14954,38,14992
539,25324,Cundinamarca,Guataquí,1974,3,1977
540,25326,Cundinamarca,Guatavita,6145,3,6148
541,25328,Cundinamarca,Guayabal de Siquima,3604,0,3604
542,25335,Cundinamarca,Guayabetal,5809,0,5809
543,25339,Cundinamarca,Gutiérrez,3311,0,3311
544,25368,Cundinamarca,Jerusalén,2024,1,2025
545,25372,Cundinamarca,Junín,5197,37,5234
546,25377,Cundinamarca,La Calera,28405,96,28501
547,25386,Cundinamarca,La Mesa,28962,490,29452
548,25394,Cundinamarca,La Palma,7708,0,7708
549,25398,Cundinamarca,La Peña,5406,23,5429
550,25402,Cundinamarca,La Vega,13054,31,13085
551,25407,Cundinamarca,Lenguazaque,9414,11,9425
552,25426,Cundinamarca,Macheta,6022,35,6057
553,25430,Cundinamarca,Madrid,108885,811,109696
554,25436,Cundinamarca,Manta,3328,26,3354
555,25438,Cundinamarca,Medina,7269,12,7281
556,25473,Cundinamarca,Mosquera,128880,13,128893
557,25483,Cundinamarca,Nariño,2100,1,2101
558,25486,Cundinamarca,Nemocón,12198,0,12198
559,25488,Cundinamarca,Nilo,6960,3595,10555
560,25489,Cundinamarca,Nimaima,3059,27,3086
561,25491,Cundinamarca,Nocaima,5194,17,5211
562,25506,Cundinamarca,Venecia,4106,24,4130
563,25513,Cundinamarca,Pacho,23647,79,23726
564,25518,Cundinamarca,Paime,3854,11,3865
565,25524,Cundinamarca,Pandi,4734,1,4735
566,25530,Cundinamarca,Paratebueno,8001,42,8043
567,25535,Cundinamarca,Pasca,8686,0,8686
568,25572,Cundinamarca,Puerto Salgar,14691,328,15019
569,25580,Cundinamarca,Pulí,2524,1,2525
570,25592,Cundinamarca,Quebradanegra,4447,6,4453
571,25594,Cundinamarca,Quetame,4928,1,4929
572,25596,Cundinamarca,Quipile,6110,4,6114
573,25599,Cundinamarca,Apulo,7530,3,7533
574,25612,Cundinamarca,Ricaurte,10787,1,10788
575,25645,Cundinamarca,San Antonio del Tequendama,10202,12,10214
576,25649,Cundinamarca,San Bernardo,7404,13,7417
577,25653,Cundinamarca,San Cayetano,4043,0,4043
578,25658,Cundinamarca,San Francisco,9376,268,9644
579,25662,Cundinamarca,San Juan de Río Seco,7494,53,7547
580,25718,Cundinamarca,Sasaima,9299,508,9807
581,25736,Cundinamarca,Sesquilé,11048,19,11067
582,25740,Cundinamarca,Sibaté,31511,1292,32803
583,25743,Cundinamarca,Silvania,20548,33,20581
584,25745,Cundinamarca,Simijaca,11489,37,11526
585,25754,Cundinamarca,Soacha,644768,437,645205
586,25758,Cundinamarca,Sopó,24779,59,24838
587,25769,Cundinamarca,Subachoque,14860,14,14874
588,25772,Cundinamarca,Suesca,15395,6,15401
589,25777,Cundinamarca,Supatá,4726,0,4726
590,25779,Cundinamarca,Susa,6073,0,6073
591,25781,Cundinamarca,Sutatausa,5258,0,5258
592,25785,Cundinamarca,Tabio,20565,37,20602
593,25793,Cundinamarca,Tausa,6694,41,6735
594,25797,Cundinamarca,Tena,8062,10,8072
595,25799,Cundinamarca,Tenjo,20368,18,20386
596,25805,Cundinamarca,Tibacuy,3943,1,3944
597,25807,Cundinamarca,Tibirita,2435,4,2439
598,25815,Cundinamarca,Tocaima,13445,204,13649
599,25817,Cundinamarca,Tocancipá,39357,59,39416
600,25823,Cundinamarca,Topaipí,3523,14,3537
601,25839,Cundinamarca,Ubalá,7202,381,7583
602,25841,Cundinamarca,Ubaque,6390,0,6390
603,25843,Cundinamarca,Villa de San Diego de Ubate,39717,284,40001
604,25845,Cundinamarca,Une,6901,1,6902
605,25851,Cundinamarca,Útica,4019,13,4032
606,25862,Cundinamarca,Vergara,6036,27,6063
607,25867,Cundinamarca,Vianí,3806,0,3806
608,25871,Cundinamarca,Villagómez,1695,17,1712
609,25873,Cundinamarca,Villapinzón,15814,20,15834
610,25875,Cundinamarca,Villeta,25669,288,25957
611,25878,Cundinamarca,Viotá,12538,51,12589
612,25885,Cundinamarca,Yacopí,10887,0,10887
613,25898,Cundinamarca,Zipacón,4211,0,4211
614,25899,Cundinamarca,Zipaquirá,128968,684,129652
615,27001,Chocó,Quibdó,119481,1198,120679
616,27006,Chocó,Acandí,12095,0,12095
617,27025,Chocó,Alto Baudo,23954,0,23954
618,27050,Chocó,Atrato,5494,25,5519
619,27073,Chocó,Bagadó,10553,30,10583
620,27075,Chocó,Bahía Solano,9135,282,9417
621,27077,Chocó,Bajo Baudó,18451,110,18561
622,27099,Chocó,Bojaya,11930,3,11933
623,27135,Chocó,El Cantón del San Pablo,5660,3,5663
624,27150,Chocó,Carmen del Darien,13111,78,13189
625,27160,Chocó,Cértegui,4683,0,4683
626,27205,Chocó,Condoto,12232,19,12251
627,27245,Chocó,El Carmen de Atrato,7898,2,7900
628,27250,Chocó,El Litoral del San Juan,11579,0,11579
629,27361,Chocó,Istmina,27349,738,28087
630,27372,Chocó,Juradó,4108,0,4108
631,27413,Chocó,Lloró,8928,0,8928
632,27425,Chocó,Medio Atrato,10140,0,10140
633,27430,Chocó,Medio Baudó,13423,0,13423
634,27450,Chocó,Medio San Juan,9051,22,9073
635,27491,Chocó,Nóvita,8164,0,8164
636,27495,Chocó,Nuquí,3456,0,3456
637,27580,Chocó,Río Iro,4525,0,4525
638,27600,Chocó,Río Quito,7974,0,7974
639,27615,Chocó,Riosucio,47901,356,48257
640,27660,Chocó,San José del Palmar,4721,0,4721
641,27745,Chocó,Sipí,2768,0,2768
642,27787,Chocó,Tadó,16945,55,17000
643,27800,Chocó,Unguía,12192,0,12192
644,27810,Chocó,Unión Panamericana,6458,132,6590
645,41001,Huila,Neiva,313310,1216,314526
646,41006,Huila,Acevedo,24562,0,24562
647,41013,Huila,Agrado,8578,15,8593
648,41016,Huila,Aipe,14634,183,14817
649,41020,Huila,Algeciras,20015,244,20259
650,41026,Huila,Altamira,3810,359,4169
651,41078,Huila,Baraya,6397,282,6679
652,41132,Huila,Campoalegre,30082,101,30183
653,41206,Huila,Colombia,6965,75,7040
654,41244,Huila,Elías,3733,3,3736
655,41298,Huila,Garzón,65319,992,66311
656,41306,Huila,Gigante,22622,249,22871
657,41319,Huila,Guadalupe,15875,38,15913
658,41349,Huila,Hobo,6686,14,6700
659,41357,Huila,Iquira,9044,20,9064
660,41359,Huila,Isnos,24571,22,24593
661,41378,Huila,La Argentina,12475,0,12475
662,41396,Huila,La Plata,53967,438,54405
663,41483,Huila,Nátaga,6157,11,6168
664,41503,Huila,Oporapa,11111,0,11111
665,41518,Huila,Paicol,6403,21,6424
666,41524,Huila,Palermo,24146,97,24243
667,41530,Huila,Palestina,10454,0,10454
668,41548,Huila,Pital,12222,24,12246
669,41551,Huila,Pitalito,118991,1296,120287
670,41615,Huila,Rivera,21065,1812,22877
671,41660,Huila,Saladoblanco,10065,11,10076
672,41668,Huila,San Agustín,32380,29,32409
673,41676,Huila,Santa María,10215,0,10215
674,41770,Huila,Suaza,17362,14,17376
675,41791,Huila,Tarqui,16108,0,16108
676,41797,Huila,Tesalia,9767,0,9767
677,41799,Huila,Tello,10215,58,10273
678,41801,Huila,Teruel,7350,26,7376
679,41807,Huila,Timaná,20894,25,20919
680,41872,Huila,Villavieja,6943,0,6943
681,41885,Huila,Yaguará,7361,19,7380
682,44001,La Guajira,Riohacha,176830,743,177573
683,44035,La Guajira,Albania,26038,902,26940
684,44078,La Guajira,Barrancas,28547,2,28549
685,44090,La Guajira,Dibulla,35599,597,36196
686,44098,La Guajira,Distracción,11635,299,11934
687,44110,La Guajira,El Molino,6963,0,6963
688,44279,La Guajira,Fonseca,40837,15,40852
689,44378,La Guajira,Hatonuevo,17672,0,17672
690,44420,La Guajira,La Jagua del Pilar,2952,0,2952
691,44430,La Guajira,Maicao,159081,142,159223
692,44560,La Guajira,Manaure,73152,1376,74528
693,44650,La Guajira,San Juan del Cesar,45755,322,46077
694,44847,La Guajira,Uribia,158166,2545,160711
695,44855,La Guajira,Urumita,10187,11,10198
696,44874,La Guajira,Villanueva,24966,30,24996
697,47001,Magdalena,Santa Marta,477257,2596,479853
698,47030,Magdalena,Algarrobo,14294,0,14294
699,47053,Magdalena,Aracataca,37440,36,37476
700,47058,Magdalena,Ariguaní,28284,64,28348
701,47161,Magdalena,Cerro San Antonio,9225,0,9225
702,47170,Magdalena,Chivolo,18208,0,18208
703,47189,Magdalena,Ciénaga,118259,176,118435
704,47205,Magdalena,Concordia,9681,0,9681
705,47245,Magdalena,El Banco,59360,234,59594
706,47258,Magdalena,El Piñon,17308,0,17308
707,47268,Magdalena,El Retén,19345,0,19345
708,47288,Magdalena,Fundación,64818,15,64833
709,47318,Magdalena,Guamal,25308,4,25312
710,47460,Magdalena,Nueva Granada,17441,29,17470
711,47541,Magdalena,Pedraza,7569,0,7569
712,47545,Magdalena,Pijiño del Carmen,11071,0,11071
713,47551,Magdalena,Pivijay,34372,2,34374
714,47555,Magdalena,Plato,56153,57,56210
715,47570,Magdalena,Puebloviejo,26419,0,26419
716,47605,Magdalena,Remolino,9555,0,9555
717,47660,Magdalena,Sabanas de San Angel,14047,13,14060
718,47675,Magdalena,Salamina,9360,0,9360
719,47692,Magdalena,San Sebastián de Buenavista,18865,0,18865
720,47703,Magdalena,San Zenón,11277,2,11279
721,47707,Magdalena,Santa Ana,22705,18,22723
722,47720,Magdalena,Santa Bárbara de Pinto,9345,0,9345
723,47745,Magdalena,Sitionuevo,25804,0,25804
724,47798,Magdalena,Tenerife,12364,0,12364
725,47960,Magdalena,Zapayán,8606,0,8606
726,47980,Magdalena,Zona Bananera,66802,0,66802
727,50001,Meta,Villavicencio,446537,4675,451212
728,50006,Meta,Acacías,73925,4274,78199
729,50110,Meta,Barranca de Upía,5835,111,5946
730,50124,Meta,Cabuyaro,5076,356,5432
731,50150,Meta,Castilla la Nueva,13516,95,13611
732,50223,Meta,Cubarral,6276,101,6377
733,50226,Meta,Cumaral,21156,241,21397
734,50245,Meta,El Calvario,1387,188,1575
735,50251,Meta,El Castillo,7253,144,7397
736,50270,Meta,El Dorado,3602,97,3699
737,50287,Meta,Fuente de Oro,11536,63,11599
738,50313,Meta,Granada,63959,973,64932
739,50318,Meta,Guamal,13839,18,13857
740,50325,Meta,Mapiripán,5766,270,6036
741,50330,Meta,Mesetas,9629,122,9751
742,50350,Meta,La Macarena,23113,764,23877
743,50370,Meta,Uribe,7767,782,8549
744,50400,Meta,Lejanías,10480,96,10576
745,50450,Meta,Puerto Concordia,7873,213,8086
746,50568,Meta,Puerto Gaitán,39414,1603,41017
747,50573,Meta,Puerto López,27969,301,28270
748,50577,Meta,Puerto Lleras,8692,290,8982
749,50590,Meta,Puerto Rico,11033,400,11433
750,50606,Meta,Restrepo,17286,324,17610
751,50680,Meta,San Carlos de Guaroa,11343,169,11512
752,50683,Meta,San Juan de Arama,7884,358,8242
753,50686,Meta,San Juanito,1106,43,1149
754,50689,Meta,San Martín,21719,562,22281
755,50711,Meta,Vistahermosa,16249,276,16525
756,52001,Nariño,Pasto,349352,2974,352326
757,52019,Nariño,Albán,8191,6,8197
758,52022,Nariño,Aldana,6872,0,6872
759,52036,Nariño,Ancuyá,7481,0,7481
760,52051,Nariño,Arboleda,7626,0,7626
761,52079,Nariño,Barbacoas,33804,444,34248
762,52083,Nariño,Belén,5961,7,5968
763,52110,Nariño,Buesaco,19934,17,19951
764,52203,Nariño,Colón,7764,0,7764
765,52207,Nariño,Consaca,10098,19,10117
766,52210,Nariño,Contadero,6421,0,6421
767,52215,Nariño,Córdoba,14827,0,14827
768,52224,Nariño,Cuaspud,8975,0,8975
769,52227,Nariño,Cumbal,32672,0,32672
770,52233,Nariño,Cumbitara,5095,1,5096
771,52240,Nariño,Chachagüí,12357,62,12419
772,52250,Nariño,El Charco,21071,0,21071
773,52254,Nariño,El Peñol,6195,28,6223
774,52256,Nariño,El Rosario,6498,0,6498
775,52258,Nariño,El Tablón de Gómez,13235,20,13255
776,52260,Nariño,El Tambo,12452,5,12457
777,52287,Nariño,Funes,6182,29,6211
778,52317,Nariño,Guachucal,18845,0,18845
779,52320,Nariño,Guaitarilla,10774,0,10774
780,52323,Nariño,Gualmatán,6290,0,6290
781,52352,Nariño,Iles,7112,0,7112
782,52354,Nariño,Imués,6351,0,6351
783,52356,Nariño,Ipiales,104513,1004,105517
784,52378,Nariño,La Cruz,16661,13,16674
785,52381,Nariño,La Florida,9047,0,9047
786,52385,Nariño,La Llanada,5321,0,5321
787,52390,Nariño,La Tola,5847,0,5847
788,52399,Nariño,La Unión,28517,142,28659
789,52405,Nariño,Leiva,8201,0,8201
790,52411,Nariño,Linares,8949,25,8974
791,52418,Nariño,Los Andes,8683,20,8703
792,52427,Nariño,Magüi,18255,7,18262
793,52435,Nariño,Mallama,7972,41,8013
794,52473,Nariño,Mosquera,10202,4,10206
795,52480,Nariño,Nariño,4007,0,4007
796,52490,Nariño,Olaya Herrera,21356,59,21415
797,52506,Nariño,Ospina,6488,0,6488
798,52520,Nariño,Francisco Pizarro,7430,0,7430
799,52540,Nariño,Policarpa,8149,0,8149
800,52560,Nariño,Potosí,10179,7,10186
801,52565,Nariño,Providencia,4619,0,4619
802,52573,Nariño,Puerres,8429,17,8446
803,52585,Nariño,Pupiales,16431,0,16431
804,52612,Nariño,Ricaurte,18067,0,18067
805,52621,Nariño,Roberto Payán,10473,0,10473
806,52678,Nariño,Samaniego,23697,30,23727
807,52683,Nariño,Sandoná,18837,22,18859
808,52685,Nariño,San Bernardo,8874,0,8874
809,52687,Nariño,San Lorenzo,16626,27,16653
810,52693,Nariño,San Pablo,12905,24,12929
811,52694,Nariño,San Pedro de Cartago,6572,0,6572
812,52696,Nariño,Santa Bárbara,8989,0,8989
813,52699,Nariño,Santacruz,9869,0,9869
814,52720,Nariño,Sapuyes,6894,147,7041
815,52786,Nariño,Taminango,15412,0,15412
816,52788,Nariño,Tangua,10331,0,10331
817,52835,Nariño,San Andrés de Tumaco,134862,3229,138091
818,52838,Nariño,Túquerres,41909,504,42413
819,52885,Nariño,Yacuanquer,10579,0,10579
820,54001,Norte de Santander,Cúcuta,624729,4685,629414
821,54003,Norte de Santander,Abrego,30118,73,30191
822,54051,Norte de Santander,Arboledas,8102,100,8202
823,54099,Norte de Santander,Bochalema,6867,105,6972
824,54109,Norte de Santander,Bucarasica,4698,0,4698
825,54125,Norte de Santander,Cácota,2723,10,2733
826,54128,Norte de Santander,Cachirá,8642,0,8642
827,54172,Norte de Santander,Chinácota,15956,65,16021
828,54174,Norte de Santander,Chitagá,10554,0,10554
829,54206,Norte de Santander,Convención,17879,233,18112
830,54223,Norte de Santander,Cucutilla,7648,0,7648
831,54239,Norte de Santander,Durania,4367,23,4390
832,54245,Norte de Santander,El Carmen,11959,42,12001
833,54250,Norte de Santander,El Tarra,18986,89,19075
834,54261,Norte de Santander,El Zulia,25999,20,26019
835,54313,Norte de Santander,Gramalote,5915,493,6408
836,54344,Norte de Santander,Hacarí,9622,123,9745
837,54347,Norte de Santander,Herrán,4689,13,4702
838,54377,Norte de Santander,Labateca,5538,12,5550
839,54385,Norte de Santander,La Esperanza,11040,0,11040
840,54398,Norte de Santander,La Playa,7146,91,7237
841,54405,Norte de Santander,Los Patios,81112,299,81411
842,54418,Norte de Santander,Lourdes,3602,7,3609
843,54480,Norte de Santander,Mutiscua,3891,0,3891
844,54498,Norte de Santander,Ocaña,110671,972,111643
845,54518,Norte de Santander,Pamplona,44805,716,45521
846,54520,Norte de Santander,Pamplonita,4929,15,4944
847,54553,Norte de Santander,Puerto Santander,8139,0,8139
848,54599,Norte de Santander,Ragonvalia,5381,39,5420
849,54660,Norte de Santander,Salazar,8724,44,8768
850,54670,Norte de Santander,San Calixto,9915,46,9961
851,54673,Norte de Santander,San Cayetano,6677,0,6677
852,54680,Norte de Santander,Santiago,3079,8,3087
853,54720,Norte de Santander,Sardinata,21159,84,21243
854,54743,Norte de Santander,Silos,5713,0,5713
855,54800,Norte de Santander,Teorama,12710,17,12727
856,54810,Norte de Santander,Tibú,51144,255,51399
857,54820,Norte de Santander,Toledo,14763,199,14962
858,54871,Norte de Santander,Villa Caro,4602,0,4602
859,54874,Norte de Santander,Villa del Rosario,93550,185,93735
860,63001,Quindio,Armenia,273769,1872,275641
861,63111,Quindio,Buenavista,2681,60,2741
862,63130,Quindio,Calarca,69366,1296,70662
863,63190,Quindio,Circasia,27090,45,27135
864,63212,Quindio,Córdoba,5516,19,5535
865,63272,Quindio,Filandia,11183,162,11345
866,63302,Quindio,Génova,7050,71,7121
867,63401,Quindio,La Tebaida,32491,73,32564
868,63470,Quindio,Montenegro,35138,186,35324
869,63548,Quindio,Pijao,4854,23,4877
870,63594,Quindio,Quimbaya,28983,134,29117
871,63690,Quindio,Salento,7490,88,7578
872,66001,Risaralda,Pereira,406722,2948,409670
873,66045,Risaralda,Apía,10662,45,10707
874,66075,Risaralda,Balboa,4976,33,5009
875,66088,Risaralda,Belén de Umbría,21398,52,21450
876,66170,Risaralda,Dosquebradas,194229,661,194890
877,66318,Risaralda,Guática,11516,16,11532
878,66383,Risaralda,La Celia,6154,24,6178
879,66400,Risaralda,La Virginia,25829,71,25900
880,66440,Risaralda,Marsella,15422,33,15455
881,66456,Risaralda,Mistrató,15921,282,16203
882,66572,Risaralda,Pueblo Rico,14429,0,14429
883,66594,Risaralda,Quinchía,25182,31,25213
884,66682,Risaralda,Santa Rosa de Cabal,70586,588,71174
885,66687,Risaralda,Santuario,11734,53,11787
886,68001,Santander,Bucaramanga,523426,5429,528855
887,68013,Santander,Aguada,1649,13,1662
888,68020,Santander,Albania,3307,10,3317
889,68051,Santander,Aratoca,7861,52,7913
890,68077,Santander,Barbosa,28739,30,28769
891,68079,Santander,Barichara,7571,76,7647
892,68081,Santander,Barrancabermeja,197974,1590,199564
893,68092,Santander,Betulia,5185,45,5230
894,68101,Santander,Bolívar,9437,130,9567
895,68121,Santander,Cabrera,1605,16,1621
896,68132,Santander,California,1784,48,1832
897,68147,Santander,Capitanejo,5276,52,5328
898,68152,Santander,Carcasí,4130,0,4130
899,68160,Santander,Cepitá,1869,0,1869
900,68162,Santander,Cerrito,6460,0,6460
901,68167,Santander,Charalá,10934,101,11035
902,68169,Santander,Charta,2814,10,2824
903,68176,Santander,Chima,2364,0,2364
904,68179,Santander,Chipatá,4336,5,4341
905,68190,Santander,Cimitarra,24843,939,25782
906,68207,Santander,Concepción,5300,0,5300
907,68209,Santander,Confines,2902,13,2915
908,68211,Santander,Contratación,3179,117,3296
909,68217,Santander,Coromoro,4775,41,4816
910,68229,Santander,Curití,11600,53,11653
911,68235,Santander,El Carmen de Chucurí,17567,71,17638
912,68245,Santander,El Guacamayo,1642,1,1643
913,68250,Santander,El Peñón,4095,2,4097
914,68255,Santander,El Playón,12840,126,12966
915,68264,Santander,Encino,2328,6,2334
916,68266,Santander,Enciso,3382,12,3394
917,68271,Santander,Florián,4596,7,4603
918,68276,Santander,Floridablanca,274607,502,275109
919,68296,Santander,Galán,2666,16,2682
920,68298,Santander,Gambita,3508,21,3529
921,68307,Santander,Girón,148741,1869,150610
922,68318,Santander,Guaca,5742,20,5762
923,68320,Santander,Guadalupe,3818,62,3880
924,68322,Santander,Guapotá,2052,0,2052
925,68324,Santander,Guavatá,3748,3,3751
926,68327,Santander,Güepsa,4402,3,4405
927,68344,Santander,Hato,2120,0,2120
928,68368,Santander,Jesús María,2987,4,2991
929,68370,Santander,Jordán,1163,0,1163
930,68377,Santander,La Belleza,5500,5,5505
931,68385,Santander,Landázuri,9231,7,9238
932,68397,Santander,La Paz,3986,3,3989
933,68406,Santander,Lebríja,37170,44,37214
934,68418,Santander,Los Santos,12403,30,12433
935,68425,Santander,Macaravita,2130,0,2130
936,68432,Santander,Málaga,19567,317,19884
937,68444,Santander,Matanza,4470,29,4499
938,68464,Santander,Mogotes,10113,52,10165
939,68468,Santander,Molagavita,3915,0,3915
940,68498,Santander,Ocamonte,4537,0,4537
941,68500,Santander,Oiba,10117,0,10117
942,68502,Santander,Onzaga,3928,27,3955
943,68522,Santander,Palmar,1244,9,1253
944,68524,Santander,Palmas del Socorro,2432,35,2467
945,68533,Santander,Páramo,4144,0,4144
946,68547,Santander,Piedecuesta,156660,765,157425
947,68549,Santander,Pinchote,4457,51,4508
948,68572,Santander,Puente Nacional,12451,135,12586
949,68573,Santander,Puerto Parra,6861,0,6861
950,68575,Santander,Puerto Wilches,31698,0,31698
951,68615,Santander,Rionegro,25233,33,25266
952,68655,Santander,Sabana de Torres,27718,127,27845
953,68669,Santander,San Andrés,7985,50,8035
954,68673,Santander,San Benito,2705,1,2706
955,68679,Santander,San Gil,54066,621,54687
956,68682,Santander,San Joaquín,2167,0,2167
957,68684,Santander,San José de Miranda,4132,21,4153
958,68686,Santander,San Miguel,2433,0,2433
959,68689,Santander,San Vicente de Chucurí,28760,667,29427
960,68705,Santander,Santa Bárbara,2239,0,2239
961,68720,Santander,Santa Helena del Opón,3160,6,3166
962,68745,Santander,Simacota,7759,83,7842
963,68755,Santander,Socorro,28975,1022,29997
964,68770,Santander,Suaita,8739,32,8771
965,68773,Santander,Sucre,6038,6,6044
966,68780,Santander,Suratá,3520,0,3520
967,68820,Santander,Tona,6680,0,6680
968,68855,Santander,Valle de San José,5648,0,5648
969,68861,Santander,Vélez,18382,994,19376
970,68867,Santander,Vetas,1762,0,1762
971,68872,Santander,Villanueva,6725,13,6738
972,68895,Santander,Zapatoca,8865,132,8997
973,70001,Sucre,Sincelejo,273225,1397,274622
974,70110,Sucre,Buenavista,10005,2,10007
975,70124,Sucre,Caimito,13331,0,13331
976,70204,Sucre,Coloso,7803,0,7803
977,70215,Sucre,Corozal,65848,502,66350
978,70221,Sucre,Coveñas,15131,1960,17091
979,70230,Sucre,Chalán,4425,0,4425
980,70233,Sucre,El Roble,9786,0,9786
981,70235,Sucre,Galeras,20239,0,20239
982,70265,Sucre,Guaranda,15618,0,15618
983,70400,Sucre,La Unión,11510,0,11510
984,70418,Sucre,Los Palmitos,21831,0,21831
985,70429,Sucre,Majagual,32622,0,32622
986,70473,Sucre,Morroa,14789,4,14793
987,70508,Sucre,Ovejas,22384,0,22384
988,70523,Sucre,Palmito,12534,0,12534
989,70670,Sucre,Sampués,44617,0,44617
990,70678,Sucre,San Benito Abad,25511,0,25511
991,70702,Sucre,San Juan de Betulia,13435,2,13437
992,70708,Sucre,San Marcos,53315,25,53340
993,70713,Sucre,San Onofre,47952,0,47952
994,70717,Sucre,San Pedro,18010,19,18029
995,70742,Sucre,San Luis de Sincé,30188,0,30188
996,70771,Sucre,Sucre,23971,0,23971
997,70820,Sucre,Santiago de Tolú,32012,0,32012
998,70823,Sucre,Tolú Viejo,20033,0,20033
999,73001,Tolima,Ibagué,494059,6627,500686
1000,73024,Tolima,Alpujarra,4072,19,4091
1001,73026,Tolima,Alvarado,6712,0,6712
1002,73030,Tolima,Ambalema,6524,0,6524
1003,73043,Tolima,Anzoátegui,7591,67,7658
1004,73055,Tolima,Armero,11326,114,11440
1005,73067,Tolima,Ataco,18218,19,18237
1006,73124,Tolima,Cajamarca,17260,49,17309
1007,73148,Tolima,Carmen de Apicalá,9614,29,9643
1008,73152,Tolima,Casabianca,5496,0,5496
1009,73168,Tolima,Chaparral,43221,574,43795
1010,73200,Tolima,Coello,7495,0,7495
1011,73217,Tolima,Coyaima,18999,0,18999
1012,73226,Tolima,Cunday,7762,0,7762
1013,73236,Tolima,Dolores,7262,12,7274
1014,73268,Tolima,Espinal,67174,809,67983
1015,73270,Tolima,Falan,6612,0,6612
1016,73275,Tolima,Flandes,27309,25,27334
1017,73283,Tolima,Fresno,28776,144,28920
1018,73319,Tolima,Guamo,30364,152,30516
1019,73347,Tolima,Herveo,6361,7,6368
1020,73349,Tolima,Honda,22753,863,23616
1021,73352,Tolima,Icononzo,9979,78,10057
1022,73408,Tolima,Lérida,16971,113,17084
1023,73411,Tolima,Líbano,32886,376,33262
1024,73443,Tolima,Mariquita,34398,107,34505
1025,73449,Tolima,Melgar,33773,363,34136
1026,73461,Tolima,Murillo,3348,41,3389
1027,73483,Tolima,Natagaima,14274,18,14292
1028,73504,Tolima,Ortega,29662,3,29665
1029,73520,Tolima,Palocabildo,9188,22,9210
1030,73547,Tolima,Piedras,5518,56,5574
1031,73555,Tolima,Planadas,21503,54,21557
1032,73563,Tolima,Prado,7893,0,7893
1033,73585,Tolima,Purificación,22461,221,22682
1034,73616,Tolima,Rioblanco,19065,25,19090
1035,73622,Tolima,Roncesvalles,5093,68,5161
1036,73624,Tolima,Rovira,20220,0,20220
1037,73671,Tolima,Saldaña,14078,21,14099
1038,73675,Tolima,San Antonio,11478,36,11514
1039,73678,Tolima,San Luis,12139,0,12139
1040,73686,Tolima,Santa Isabel,5026,102,5128
1041,73770,Tolima,Suárez,3446,0,3446
1042,73854,Tolima,Valle de San Juan,4502,0,4502
1043,73861,Tolima,Venadillo,12114,23,12137
1044,73870,Tolima,Villahermosa,8520,10,8530
1045,73873,Tolima,Villarrica,5005,16,5021
1046,76001,Valle del Cauca,Cali,1811385,11484,1822869
1047,76020,Valle del Cauca,Alcalá,12165,21,12186
1048,76036,Valle del Cauca,Andalucía,18117,15,18132
1049,76041,Valle del Cauca,Ansermanuevo,15651,17,15668
1050,76054,Valle del Cauca,Argelia,5008,0,5008
1051,76100,Valle del Cauca,Bolívar,13899,55,13954
1052,76109,Valle del Cauca,Buenaventura,256921,1524,258445
1053,76111,Valle del Cauca,Guadalajara de Buga,114081,1740,115821
1054,76113,Valle del Cauca,Bugalagrande,22030,22,22052
1055,76122,Valle del Cauca,Caicedonia,26132,225,26357
1056,76126,Valle del Cauca,Calima,16016,38,16054
1057,76130,Valle del Cauca,Candelaria,84626,35,84661
1058,76147,Valle del Cauca,Cartago,117395,1408,118803
1059,76233,Valle del Cauca,Dagua,39550,115,39665
1060,76243,Valle del Cauca,El Águila,7373,20,7393
1061,76246,Valle del Cauca,El Cairo,6179,0,6179
1062,76248,Valle del Cauca,El Cerrito,53929,54,53983
1063,76250,Valle del Cauca,El Dovio,8496,17,8513
1064,76275,Valle del Cauca,Florida,54207,0,54207
1065,76306,Valle del Cauca,Ginebra,18956,113,19069
1066,76318,Valle del Cauca,Guacarí,30090,185,30275
1067,76364,Valle del Cauca,Jamundí,127125,4681,131806
1068,76377,Valle del Cauca,La Cumbre,12839,40,12879
1069,76400,Valle del Cauca,La Unión,29367,21,29388
1070,76403,Valle del Cauca,La Victoria,11046,12,11058
1071,76497,Valle del Cauca,Obando,10970,0,10970
1072,76520,Valle del Cauca,Palmira,299173,3469,302642
1073,76563,Valle del Cauca,Pradera,43506,46,43552
1074,76606,Valle del Cauca,Restrepo,12798,18,12816
1075,76616,Valle del Cauca,Riofrío,14027,18,14045
1076,76622,Valle del Cauca,Roldanillo,31466,192,31658
1077,76670,Valle del Cauca,San Pedro,15450,0,15450
1078,76736,Valle del Cauca,Sevilla,36552,275,36827
1079,76823,Valle del Cauca,Toro,12068,23,12091
1080,76828,Valle del Cauca,Trujillo,16646,42,16688
1081,76834,Valle del Cauca,Tuluá,185762,1397,187159
1082,76845,Valle del Cauca,Ulloa,4772,72,4844
1083,76863,Valle del Cauca,Versalles,6233,0,6233
1084,76869,Valle del Cauca,Vijes,10741,25,10766
1085,76890,Valle del Cauca,Yotoco,15319,6,15325
1086,76892,Valle del Cauca,Yumbo,94868,172,95040
1087,76895,Valle del Cauca,Zarzal,39295,48,39343
1088,81001,Arauca,Arauca,74637,1098,75735
1089,81065,Arauca,Arauquita,44793,475,45268
1090,81220,Arauca,Cravo Norte,3644,0,3644
1091,81300,Arauca,Fortul,17394,98,17492
1092,81591,Arauca,Puerto Rondón,4145,24,4169
1093,81736,Arauca,Saravena,52278,606,52884
1094,81794,Arauca,Tame,39855,456,40311
1095,85001,Casanare,Yopal,154478,2464,156942
1096,85010,Casanare,Aguazul,33408,32,33440
1097,85015,Casanare,Chameza,1957,52,2009
1098,85125,Casanare,Hato Corozal,10985,446,11431
1099,85136,Casanare,La Salina,1174,53,1227
1100,85139,Casanare,Maní,12849,442,13291
1101,85162,Casanare,Monterrey,14803,25,14828
1102,85225,Casanare,Nunchía,8402,67,8469
1103,85230,Casanare,Orocué,7938,204,8142
1104,85250,Casanare,Paz de Ariporo,33956,490,34446
1105,85263,Casanare,Pore,10675,0,10675
1106,85279,Casanare,Recetor,1230,17,1247
1107,85300,Casanare,Sabanalarga,3005,41,3046
1108,85315,Casanare,Sácama,1675,0,1675
1109,85325,Casanare,San Luis de Palenque,7436,101,7537
1110,85400,Casanare,Támara,6095,222,6317
1111,85410,Casanare,Tauramena,21288,421,21709
1112,85430,Casanare,Trinidad,11583,151,11734
1113,85440,Casanare,Villanueva,31691,36,31727
1114,86001,Putumayo,Mocoa,47837,585,48422
1115,86219,Putumayo,Colón,5199,5,5204
1116,86320,Putumayo,Orito,32644,359,33003
1117,86568,Putumayo,Puerto Asís,55919,1336,57255
1118,86569,Putumayo,Puerto Caicedo,11082,40,11122
1119,86571,Putumayo,Puerto Guzmán,16820,675,17495
1120,86573,Putumayo,Leguízamo,18497,1548,20045
1121,86749,Putumayo,Sibundoy,14070,34,14104
1122,86755,Putumayo,San Francisco,5560,12,5572
1123,86757,Putumayo,San Miguel,13903,151,14054
1124,86760,Putumayo,Santiago,6819,17,6836
1125,86865,Putumayo,Valle del Guamuez,27150,305,27455
1126,86885,Putumayo,Villagarzón,21977,653,22630
1127,88001,Archipiélago de San Andrés,San Andrés,43289,465,43754
1128,88564,Archipiélago de San Andrés,Providencia,4545,0,4545
1129,91001,Amazonas,Leticia,41254,1590,42844
1130,91263,Amazonas,El Encanto (ANM),1637,248,1885
1131,91405,Amazonas,La Chorrera (ANM),1759,598,2357
1132,91407,Amazonas,La Pedrera (ANM),3510,271,3781
1133,91430,Amazonas,La Victoria (ANM),166,0,166
1134,91460,Amazonas,Miriti - Paraná (ANM),850,173,1023
1135,91530,Amazonas,Puerto Alegría (ANM),681,0,681
1136,91536,Amazonas,Puerto Arica (ANM),766,28,794
1137,91540,Amazonas,Puerto Nariño,7465,431,7896
1138,91669,Amazonas,Puerto Santander (ANM),1279,171,1450
1139,91798,Amazonas,Tarapacá (ANM),2831,348,3179
1140,94001,Guainía,Inírida,27002,3102,30104
1141,94343,Guainía,Barranco Minas (ANM),5156,2051,7207
1142,94663,Guainía,Mapiripana (ANM),728,283,1011
1143,94883,Guainía,San Felipe (ANM),1094,317,1411
1144,94884,Guainía,Puerto Colombia (ANM),1214,429,1643
1145,94885,Guainía,La Guadalupe (ANM),157,65,222
1146,94886,Guainía,Cacahual (ANM),607,232,839
1147,94887,Guainía,Pana Pana (ANM),969,213,1182
1148,94888,Guainía,Morichal (ANM),655,157,812
1149,95001,Guaviare,San José del Guaviare,45051,3035,48086
1150,95015,Guaviare,Calamar,7900,748,8648
1151,95025,Guaviare,El Retorno,10053,1287,11340
1152,95200,Guaviare,Miraflores,4023,984,5007
1153,97001,Vaupés,Mitú,21642,6067,27709
1154,97161,Vaupés,Caruru,2036,791,2827
1155,97511,Vaupés,Pacoa (ANM),2865,1091,3956
1156,97666,Vaupés,Taraira,1581,429,2010
1157,97777,Vaupés,Papunaua (ANM),432,0,432
1158,97889,Vaupés,Yavaraté (ANM),407,349,756
1159,99001,Vichada,Puerto Carreño,18945,843,19788
1160,99524,Vichada,La Primavera,8878,812,9690
1161,99624,Vichada,Santa Rosalía,3628,398,4026
1162,99773,Vichada,Cumaribo,39954,3184,43138
1163,,,,,,
1164,,,,,,
1165,Fuente: DANE - Censo Nacional de Población y Vivienda (CNPV) 2018,,,,,
